scale,run_id,mode,frame,active_cycles,blocked_cycles,wall_cycles,latency_ns,active_wall_pct,idle_rate_permille,background_units_per_second,framebuffer_crc,status,error,timeout
S0,PILOT-S0-4F-v3,CPU_ONLY,1,74007,0,176842,5358848,41.849221338822225,999,0,4084989873,PASS,NONE,False
S0,PILOT-S0-4F-v3,CPU_ONLY,2,76395,0,589256,17856242,12.964653732842772,1000,0,1023257933,PASS,NONE,False
S0,PILOT-S0-4F-v3,CPU_ONLY,3,71787,0,586891,17784575,12.231743202741225,1000,0,3542883137,PASS,NONE,False
S0,PILOT-S0-4F-v3,CPU_ONLY,4,69371,0,591778,17932666,11.722470250668325,1000,0,2153087901,PASS,NONE,False
S0,PILOT-S0-4F-v3,CPU_MATMUL,1,64513,0,176364,5344363,36.57946066090585,999,0,4084989873,PASS,NONE,False
S0,PILOT-S0-4F-v3,CPU_MATMUL,2,67050,0,588620,17836969,11.39105025313445,1000,0,1023257933,PASS,NONE,False
S0,PILOT-S0-4F-v3,CPU_MATMUL,3,62421,0,585918,17755090,10.653538549762937,1000,0,3542883137,PASS,NONE,False
S0,PILOT-S0-4F-v3,CPU_MATMUL,4,59972,0,128262,3886727,46.75741840919368,999,0,2153087901,PASS,NONE,False
S0,PILOT-S0-4F-v3,SCENE_CONTROLLER,1,1727,202105,224191,6793666,0.7703253029782641,999,0,4084989873,PASS,NONE,False
S0,PILOT-S0-4F-v3,SCENE_CONTROLLER,2,1727,108175,130220,3946060,1.3262171709414836,1000,0,2192081081,PASS,NONE,False
S0,PILOT-S0-4F-v3,SCENE_CONTROLLER,3,1738,111095,129759,3932090,1.3394061298252915,1000,28,120096717,PASS,NONE,False
S0,PILOT-S0-4F-v3,SCENE_CONTROLLER,4,1738,108767,130844,3964969,1.328299348842897,1000,20,3167782645,PASS,NONE,False
S1,PILOT-S1-4F-20260912,CPU_ONLY,1,178692,0,640150,19398484,27.914082636881982,999,0,892410657,PASS,NONE,False
S1,PILOT-S1-4F-20260912,CPU_ONLY,2,220730,0,591378,17920545,37.32468911592924,1000,0,3417150361,PASS,NONE,False
S1,PILOT-S1-4F-20260912,CPU_ONLY,3,208543,0,586437,17770818,35.56102360526365,1000,0,3420746741,PASS,NONE,False
S1,PILOT-S1-4F-20260912,CPU_ONLY,4,162402,0,585003,17727363,27.760883277521653,1000,0,1244579317,PASS,NONE,False
S1,PILOT-S1-4F-20260912,CPU_MATMUL,1,157002,0,639664,19383757,24.54444833537607,999,0,892410657,PASS,NONE,False
S1,PILOT-S1-4F-20260912,CPU_MATMUL,2,195989,0,590250,17886363,33.20440491317238,1000,0,3417150361,PASS,NONE,False
S1,PILOT-S1-4F-20260912,CPU_MATMUL,3,186197,0,586064,17759515,31.770762237571322,1000,0,3420746741,PASS,NONE,False
S1,PILOT-S1-4F-20260912,CPU_MATMUL,4,137510,0,584502,17712181,23.52601017618417,1000,0,1244579317,PASS,NONE,False
S1,PILOT-S1-4F-20260912,SCENE_CONTROLLER,1,1727,201807,223938,6786000,0.7711955987818057,999,0,892410657,PASS,NONE,False
S1,PILOT-S1-4F-20260912,SCENE_CONTROLLER,2,1738,567508,589571,17865787,0.2947906189415694,1000,28,190429409,PASS,NONE,False
S1,PILOT-S1-4F-20260912,SCENE_CONTROLLER,3,1727,568684,587371,17799121,0.2940220065342007,1000,31,112731573,PASS,NONE,False
S1,PILOT-S1-4F-20260912,SCENE_CONTROLLER,4,1727,570631,589339,17858757,0.29304016873140926,1000,32,430810193,PASS,NONE,False
S2,PILOT-S2-4F-20260912,CPU_ONLY,1,633759,0,1105610,33503333,57.3221117754,999,0,3409777589,PASS,NONE,False
S2,PILOT-S2-4F-20260912,CPU_ONLY,2,729901,0,1047329,31737242,69.6916632691351,1000,0,2948494861,PASS,NONE,False
S2,PILOT-S2-4F-20260912,CPU_ONLY,3,664319,0,1045661,31686696,63.53101052826872,1000,0,3671735033,PASS,NONE,False
S2,PILOT-S2-4F-20260912,CPU_ONLY,4,613199,0,1045862,31692787,58.630966609361465,1000,0,4241046709,PASS,NONE,False
S2,PILOT-S2-4F-20260912,CPU_MATMUL,1,581005,0,1105114,33488303,52.57421406298355,999,0,3409777589,PASS,NONE,False
S2,PILOT-S2-4F-20260912,CPU_MATMUL,2,680634,0,1046928,31725090,65.01249369584154,999,0,2948494861,PASS,NONE,False
S2,PILOT-S2-4F-20260912,CPU_MATMUL,3,611606,0,1045546,31683212,58.496326321367015,1000,0,3671735033,PASS,NONE,False
S2,PILOT-S2-4F-20260912,CPU_MATMUL,4,563552,0,1045452,31680363,53.90510516025604,1000,0,4241046709,PASS,NONE,False
S2,PILOT-S2-4F-20260912,SCENE_CONTROLLER,1,1727,659739,681878,20662969,0.25327111301435157,999,47,3409777589,PASS,NONE,False
S2,PILOT-S2-4F-20260912,SCENE_CONTROLLER,2,1738,570500,589219,17855121,0.2949667271422001,1000,40,1946925825,PASS,NONE,False
S2,PILOT-S2-4F-20260912,SCENE_CONTROLLER,3,5061,564728,586815,17782272,0.8624523912987909,1000,39,2719577721,PASS,NONE,False
S2,PILOT-S2-4F-20260912,SCENE_CONTROLLER,4,1738,568742,587452,17801575,0.29585395913198015,1000,38,3410205445,PASS,NONE,False
S3,PILOT-S3-4F-20260912,CPU_ONLY,1,1272580,0,1575706,47748666,80.76252803505223,999,0,4286616753,PASS,NONE,False
S3,PILOT-S3-4F-20260912,CPU_ONLY,2,1483852,0,1971353,59737969,75.27074045084771,999,0,371732841,PASS,NONE,False
S3,PILOT-S3-4F-20260912,CPU_ONLY,3,1258041,0,1505364,45617090,83.57055170709543,1000,0,1451485905,PASS,NONE,False
S3,PILOT-S3-4F-20260912,CPU_ONLY,4,1122453,0,1506124,45640121,74.52593544754615,1000,0,1153517601,PASS,NONE,False
S3,PILOT-S3-4F-20260912,CPU_MATMUL,1,1195225,0,1575210,47733636,75.877184629351,999,0,4286616753,PASS,NONE,False
S3,PILOT-S3-4F-20260912,CPU_MATMUL,2,1404124,0,1971130,59731212,71.23446956821722,1000,0,371732841,PASS,NONE,False
S3,PILOT-S3-4F-20260912,CPU_MATMUL,3,1179005,0,1504010,45576060,78.39076867839974,1000,0,1451485905,PASS,NONE,False
S3,PILOT-S3-4F-20260912,CPU_MATMUL,4,1045007,0,1506156,45641090,69.38238801292827,1000,0,1153517601,PASS,NONE,False
S3,PILOT-S3-4F-20260912,SCENE_CONTROLLER,1,5105,1120952,1146460,34741212,0.4452837430001919,999,57,4286616753,PASS,NONE,False
S3,PILOT-S3-4F-20260912,SCENE_CONTROLLER,2,1749,1022934,1048465,31771666,0.16681529664795677,1000,51,3844889421,PASS,NONE,False
S3,PILOT-S3-4F-20260912,SCENE_CONTROLLER,3,1738,1022667,1048176,31762909,0.16581184839187313,1000,50,1020496537,PASS,NONE,False
S3,PILOT-S3-4F-20260912,SCENE_CONTROLLER,4,5095,560840,582937,17664757,0.8740224072241083,1000,47,3509944929,PASS,NONE,False
S4,PILOT-S4-4F-20260912,CPU_ONLY,1,1935085,0,2502174,75823454,77.3361484852772,999,0,3881751137,PASS,NONE,False
S4,PILOT-S4-4F-20260912,CPU_ONLY,2,2147310,0,2434584,73775272,88.20028390887313,1000,0,306540557,PASS,NONE,False
S4,PILOT-S4-4F-20260912,CPU_ONLY,3,2000933,0,2427943,73574030,82.41268431754781,1000,0,2540370425,PASS,NONE,False
S4,PILOT-S4-4F-20260912,CPU_ONLY,4,1623003,0,1964363,59526151,82.6223564585568,1000,0,2242500357,PASS,NONE,False
S4,PILOT-S4-4F-20260912,CPU_MATMUL,1,1829979,0,2036780,61720606,89.84666974341853,999,0,3881751137,PASS,NONE,False
S4,PILOT-S4-4F-20260912,CPU_MATMUL,2,2036431,0,2431244,73674060,83.7608648083039,1000,0,306540557,PASS,NONE,False
S4,PILOT-S4-4F-20260912,CPU_MATMUL,3,1896238,0,2431426,73679575,77.98871937702401,1000,0,2540370425,PASS,NONE,False
S4,PILOT-S4-4F-20260912,CPU_MATMUL,4,1521595,0,1965396,59557454,77.41925800194973,1000,0,2242500357,PASS,NONE,False
S4,PILOT-S4-4F-20260912,SCENE_CONTROLLER,1,5104,1120333,1145874,34723454,0.44542419149051293,999,57,3881751137,PASS,NONE,False
S4,PILOT-S4-4F-20260912,SCENE_CONTROLLER,2,1738,1021823,1047280,31735757,0.165953708654801,1000,51,1524740869,PASS,NONE,False
S4,PILOT-S4-4F-20260912,SCENE_CONTROLLER,3,5072,1020565,1045995,31696818,0.48489715534013067,1000,50,4020284969,PASS,NONE,False
S4,PILOT-S4-4F-20260912,SCENE_CONTROLLER,4,1738,1020958,1042936,31604121,0.1666449331502604,999,43,221608681,PASS,NONE,False
